id	oid	name	tag
4096	0	ブランク	bln
4097	1	アタック	unk
4098	2	アギ	val
4099	3	アギラオ	val
4100	4	アギダイン	val
4101	5	マハラギ	val
4102	6	マハラギオン	val
4103	7	マハラギダイン	val
4104	8	焔弾	unk
4105	9	ラグナロク	val
4106	10	ブランク	unk
4107	11	ブランク	unk
4108	12	ブランク	unk
4109	13	ブランク	unk
4110	14	ガル	val
4111	15	ガルーラ	val
4112	16	ガルダイン	val
4113	17	マハガル	val
4114	18	マハガルーラ	val
4115	19	マハガルダイン	val
4116	20	旋風	unk
4117	21	万物流転	val
4118	22	ブランク	unk
4119	23	ブランク	unk
4120	24	ブランク	unk
4121	25	ブランク	unk
4122	26	ブフ	val
4123	27	ブフーラ	val
4124	28	ブフダイン	val
4125	29	マハブフ	val
4126	30	マハブフーラ	val
4127	31	マハブフダイン	val
4128	32	極寒パラダイス	val
4129	33	ニブルヘイム	val
4130	34	氷槍	unk
4131	35	ブランク	unk
4132	36	ブランク	unk
4133	37	ブランク	unk
4134	38	ブランク	unk
4135	39	ジオ	val
4136	40	ジオンガ	val
4137	41	ジオダイン	val
4138	42	マハジオ	val
4139	43	マハジオンガ	val
4140	44	マハジオダイン	val
4141	45	ブランク	unk
4142	46	真理の雷	val
4143	47	ケラウノス	unk
4144	48	閃雷	unk
4145	49	天帝の雷光	val
4146	50	ブランク	unk
4147	51	メギド	val
4148	52	メギドラ	val
4149	53	メギドラオン	val
4150	54	ブランク	unk
4151	55	漆黒の蛇	val
4152	56	明けの明星	val
4153	57	ブランク	unk
4154	58	ブランク	unk
4155	59	ブランク	unk
4156	60	ブランク	unk
4157	61	ハマ	val
4158	62	ハマオン	val
4159	63	マハンマ	val
4160	64	マハンマオン	val
4161	65	ブランク	unk
4162	66	ブランク	unk
4163	67	回転説法	val
4164	68	ブランク	unk
4165	69	ブランク	unk
4166	70	ブランク	unk
4167	71	ブランク	unk
4168	72	ムド	val
4169	73	ムドオン	val
4170	74	マハムド	val
4171	75	マハムドオン	val
4172	76	ブランク	unk
4173	77	ブランク	unk
4174	78	死んでくれる？	val
4175	79	ブランク	unk
4176	80	ブランク	unk
4177	81	ブランク	unk
4178	82	ブランク	unk
4179	83	プリンパ	val
4180	84	テンタラフー	val
4181	85	ポイズマ	val
4182	86	ポイズンブレス	val
4183	87	ブランク	unk
4184	88	ブランク	unk
4185	89	ドルミナー	val
4186	90	スリープソング	val
4187	91	デビルタッチ	val
4188	92	デビルスマイル	val
4189	93	ブランク	unk
4190	94	ブランク	unk
4191	95	重い道着系	unk
4192	96	ド根性の腕輪	unk
4193	97	神の贄	unk
4194	98	ルドラリング	unk
4195	99	チャクラリング	unk
4196	100	風柳の翼	unk
4197	101	雪折不の翼	unk
4198	102	歯亡舌存の翼	unk
4199	103	極炎塊	unk
4200	104	絶冷石	unk
4201	105	暴嵐の指輪	unk
4202	106	雷神の腕輪	unk
4203	107	白き光輪	unk
4204	108	黒き闇輪	unk
4205	109	白刃鳥の羽根	unk
4206	110	鉄製のペンダント	unk
4207	111	ヘルメット	unk
4208	112	全能の真球	unk
4209	113	ブランク	unk
4210	114	ゲルマニウムの輪	unk
4211	115	贖罪の羊	unk
4212	116	体魂反転リング	unk
4213	117	力魔反転リング	unk
4214	118	力耐反転リング	unk
4215	119	力速反転リング	unk
4216	120	力運反転リング	unk
4217	121	魔耐反転リング	unk
4218	122	魔速反転リング	unk
4219	123	魔運反転リング	unk
4220	124	耐速反転リング	unk
4221	125	耐運反転リング	unk
4222	126	速運反転リング	unk
4223	127	ブランク	unk
4224	128	ブランク	unk
4225	129	牙砕き	val
4226	130	胆砕き	val
4227	131	大切断	val
4228	132	ツインスラッシュ	val
4229	133	レッグリーパー	val
4230	134	トリプルダウン	val
4231	135	剛殺斬	val
4232	136	アキレスリーパー	val
4233	137	カームバスター	val
4234	138	暴れまくり	val
4235	139	霧氷刃	val
4236	140	残心剣	val
4237	141	残心の一撃	unk
4238	142	デスニードル	val
4239	143	ギロチンカット	val
4240	144	五月雨斬り	val
4241	145	閃電砕	val
4242	146	ホーリータッチ	val
4243	147	我慢の鉄槌	val
4244	148	鉄槌の一撃	unk
4245	149	両腕落とし	val
4246	150	シングルショット	val
4247	151	スケアスロウ	val
4248	152	ナイアーム	val
4249	153	マカジャマ	val
4250	154	アサルトショット	val
4251	155	イノセントタック	val
4252	156	武器砕き	val
4253	157	ホライズショット	val
4254	158	刹那五月雨撃	val
4255	159	パニッシュメント	val
4256	160	アサルトダイブ	val
4257	161	まどろみパンチ	val
4258	162	アーマークラック	val
4259	163	突撃	val
4260	164	デスバウンド	val
4261	165	利剣乱舞	val
4262	166	氷殺刃	val
4263	167	空間殺法	val
4264	168	黒の舞踏	val
4265	169	ヘッドバット	val
4266	170	熔熱発破	val
4267	171	ヒートウェイブ	val
4268	172	光明波	val
4269	173	ブランク	unk
4270	174	絶妙剣	val
4271	175	フォトンエッジ	val
4272	176	プラーナ	val
4273	177	天軍の剣	val
4274	178	ゴッドハンド	val
4275	179	天使のラッパ	val
4276	180	八艘跳び	val
4277	181	ヘビーレイン	val
4278	182	アローシャワー	val
4279	183	アイオンの雨	val
4280	184	首討ち	unk
4281	185	ブランク	unk
4282	186	ブランク	unk
4283	187	ブランク	unk
4284	188	毒串刺し	val
4285	189	紅蓮刀	val
4286	190	凍殺刃	val
4287	191	雷光斬	val
4288	192	陣風撃	val
4289	193	真空波	val
4290	194	烈星波	val
4291	195	プララヤ	val
4292	196	シャドウラン	val
4293	197	終わる世界	val
4294	198	雷鳴斬	val
4295	199	雷神斬	val
4296	200	獄炎刀	val
4297	201	緋炎刀	val
4298	202	烈風撃	val
4299	203	神風撃	val
4300	204	ブランク	unk
4301	205	ブランク	unk
4302	206	ブランク	unk
4303	207	ブランク	unk
4304	208	ブランク	unk
4305	209	ディア	val
4306	210	ディアラマ	val
4307	211	ディアラハン	val
4308	212	ラインヒール	unk
4309	213	生命の杯	unk
4310	214	メディア	val
4311	215	メディラマ	val
4312	216	メディアラハン	val
4313	217	リカーム	val
4314	218	サマリカーム	val
4315	219	トリート	unk
4316	220	リニューアル	unk
4317	221	パトラ	val
4318	222	リフレッシュ	unk
4319	223	メパトラ	val
4320	224	クロズディ	val
4321	225	リラックス	unk
4322	226	マハクロズディ	unk
4323	227	アムリタ	val
4324	228	ブランク	unk
4325	229	ブランク	unk
4326	230	獣の咆哮	val
4327	231	龍の咆哮	val
4328	232	リンクプラス	unk
4329	233	真・リンクプラス	unk
4330	234	ブランク	unk
4331	235	ブランク	unk
4332	236	ヘイトイーター	unk
4333	237	ボディーガード	unk
4334	238	ラインガード	val
4335	239	オールガード	val
4336	240	ブランク	unk
4337	241	聖なる加護	unk
4338	242	猛き戦いの舞曲	unk
4339	243	防御陣形	unk
4340	244	反逆の先導者	unk
4341	245	会心眼	val
4342	246	大変革の先導者	unk
4343	247	マハタルカジャ	val
4344	248	マハラクカジャ	val
4345	249	マハスクカジャ	val
4346	250	チャージ	val
4347	251	コンセントレイト	val
4348	252	炎の加護	unk
4349	253	氷の加護	unk
4350	254	雷の加護	unk
4351	255	風の加護	unk
4352	256	ブランク	unk
4353	257	ブランク	unk
4354	258	ブランク	unk
4355	259	ブランク	unk
4356	260	ブランク	unk
4357	261	マハタルンダ	val
4358	262	マハラクンダ	val
4359	263	マハスクンダ	val
4360	264	ブランク	unk
4361	265	獅子奮迅の大号令	val
4362	266	精神一到の大号令	val
4363	267	ブランク	unk
4364	268	呪縛の妖気	val
4365	269	サロメの口づけ	val
4366	270	ブランク	unk
4367	271	ブランク	unk
4368	272	ブランク	unk
4369	273	デカジャ	val
4370	274	デクンダ	val
4371	275	ブランク	unk
4372	276	念動の壁	val
4373	277	核熱の壁	val
4374	278	火炎の壁	val
4375	279	疾風の壁	val
4376	280	氷結の壁	val
4377	281	電撃の壁	val
4378	282	祝福の壁	val
4379	283	呪怨の壁	val
4380	284	タルカジャ	val
4381	285	ラクカジャ	val
4382	286	スクカジャ	val
4383	287	タルンダ	val
4384	288	ラクンダ	val
4385	289	スクンダ	val
4386	290	ランダマイザ	val
4387	291	ヒートライザ	val
4388	292	真・会心眼	val
4389	293	冥府の扉	dlc
4390	294	冥府への誘い	unk
4391	295	災厄の種	dlc
4392	296	災厄の到来	unk
4393	297	月の加護	dlc
4394	298	ブランク	unk
4395	299	再生の竪琴	dlc
4396	300	ブランク	unk
4397	301	紫電砕	val
4398	302	震電砕	val
4399	303	灼熱発破	val
4400	304	核熱発破	val
4401	305	睡眠拳	val
4402	306	ブレインシェイク	val
4403	307	アーマーブレイク	val
4404	308	アーマーキラー	val
4405	309	ブランク	unk
4406	310	ブランク	unk
4407	311	ブランク	unk
4408	312	ブランク	unk
4409	313	フル・アナライズ	unk
4410	314	フル・アナライズ	unk
4411	315	ーロシフト	unk
4412	316	ーロシフト	unk
4413	317	アンコール	unk
4414	318	アンコール	unk
4415	319	未使用・オラクル	unk
4416	320	オラクル	unk
4417	321	総攻撃	unk
4418	322	スタコラフット	unk
4419	323	アナライズ	unk
4420	324	ハイ・アナライズ	unk
4421	325	蛇ニラミ	val
4422	326	英気の泉	val
4423	327	諦めない心	unk
4424	328	想いよ届け	unk
4425	329	ひかりの想い	unk
4426	330	癒しの神風	unk
4427	331	豊穣祈願	val
4428	332	大豊作	unk
4429	333	癒しの神風	unk
4430	334	ブランク	unk
4431	335	治癒の法力	val
4432	336	治癒の神通力	unk
4433	337	ミニリカバリー	unk
4434	338	スポットライト	unk
4435	339	黄泉返し	val
4436	340	サードアイ	unk
4437	341	強硬の法力	val
4438	342	剛力の法力	val
4439	343	敏速の法力	val
4440	344	勝利の息吹	val
4441	345	勝利の雄叫び	val
4442	346	安全祈願	val
4443	347	大安心	val
4444	348	おまじない	val
4445	349	打ち出の小槌	val
4446	350	ファイナルガード	unk
4447	351	ファイナルガード	unk
4448	352	ビッグウェイブ	unk
4449	353	オラクル	unk
4450	354	オラクル	unk
4451	355	オラクル	unk
4452	356	オラクル	unk
4453	357	オラクル	unk
4454	358	オラクル	unk
4455	359	ミニリカバリー	unk
4456	360	総攻撃カメラ用	unk
4457	361	常世の祈り	unk
4458	362	スニークガイド	unk
4459	363	財宝ハンター	val
4460	364	秘宝ハンター	val
4461	365	妖精の抜け穴	val
4462	366	天狗の抜け穴	val
4463	367	千里眼	val
4464	368	万里眼	val
4465	369	浄化の雨	val
4466	370	お宝スキミング	unk
4467	371	ーロセット	unk
4468	372	久遠の調べ	val
4469	373	オンステージ	unk
4470	374	エスケープロード	unk
4471	375	ひかりの応援	unk
4472	376	リスクヘッジ	unk
4473	377	豊漁祈願	val
4474	378	大豊漁	unk
4475	379	サードアイ	unk
4476	380	チアーマーチ	unk
4477	381	光の路	val
4478	382	光の天路	val
4479	383	ブランク	unk
4480	384	ブランク	unk
4481	385	摩耗の魔法陣	val
4482	386	魔法陣　起動	unk
4483	387	催眠の魔法陣	val
4484	388	魔法陣　起動	unk
4485	389	有毒の魔法陣	val
4486	390	魔法陣　起動	unk
4487	391	混迷の魔法陣	val
4488	392	魔法陣　起動	unk
4489	393	沈黙の魔法陣	val
4490	394	魔法陣　起動	unk
4491	395	無力の魔法陣	val
4492	396	魔法陣　起動	unk
4493	397	鈍重の魔法陣	val
4494	398	魔法陣　起動	unk
4495	399	守護獣召喚	val
4496	400	守護神召喚	val
4497	401	修羅転生	val
4498	402	修羅場からの帰還	val
4499	403	修羅の本能	val
4500	404	オルギアモード	unk
4501	405	モード解除	unk
4502	406	回復メメント	unk
4503	407	回復メメント	unk
4504	408	解放メメント	val
4505	409	解放メメント	unk
4506	410	自浄メメント	val
4507	411	自浄メメント	unk
4508	412	軽減の加護	unk
4509	413	デスカウンター	val
4510	414	デスカウンター	unk
4511	415	デスチェイサー	val
4512	416	デスチェイサー	unk
4513	417	猛撃スタンス	unk
4514	418	猛撃スタンス	unk
4515	419	猛攻の構え	unk
4516	420	ガード体勢	unk
4517	421	ブランク	unk
4518	422	ブランク	unk
4519	423	ブランク	unk
4520	424	ブランク	unk
4521	425	連鎖の炎撃	val
4522	426	連鎖の炎	unk
4523	427	連鎖の氷撃	val
4524	428	連鎖の氷	unk
4525	429	連鎖の雷撃	val
4526	430	連鎖の雷	unk
4527	431	連鎖の風撃	val
4528	432	連鎖の風	unk
4529	433	ヘイトサーチャー	unk
4530	434	連鎖の打撃	val
4531	435	連鎖の一撃	unk
4532	436	連鎖の念撃	val
4533	437	連鎖の念動	unk
4534	438	連鎖の核撃	val
4535	439	連鎖の核熱	unk
4536	440	ブランク	unk
4537	441	ブランク	unk
4538	442	ブランク	unk
4539	443	ブランク	unk
4540	444	ブランク	unk
4541	445	ブランク	unk
4542	446	ブランク	unk
4543	447	ブランク	unk
4544	448	ブランク	unk
4545	449	ブランク	unk
4546	450	ブランク	unk
4547	451	ブランク	unk
4548	452	ブランク	unk
4549	453	ブランク	unk
4550	454	ブランク	unk
4551	455	ブランク	unk
4552	456	ブランク	unk
4553	457	ブランク	unk
4554	458	ブランク	unk
4555	459	ブランク	unk
4556	460	ブランク	unk
4557	461	ブランク	unk
4558	462	ブランク	unk
4559	463	ブランク	unk
4560	464	ブランク	unk
4561	465	オルギアマスタリ	unk
4562	466	探偵の心得	unk
4563	467	探偵の極意	unk
4564	468	決めポーズ	unk
4565	469	必殺決めポーズ	unk
4566	470	無頼の心得	unk
4567	471	無頼の悟り	unk
4568	472	ダブルアタック	unk
4569	473	地獄の先導者	unk
4570	474	女帝の心得	unk
4571	475	女帝の悟り	unk
4572	476	従者のカード	unk
4573	477	愚者のカード	unk
4574	478	拳闘士の心得	unk
4575	479	拳闘士の悟り	unk
4576	480	功夫の心得	unk
4577	481	功夫の悟り	unk
4578	482	野生の心得	unk
4579	483	野生の心得２	unk
4580	484	ブレイブハート	unk
4581	485	ブレイブハート２	unk
4582	486	王者の凱歌	unk
4583	487	方陣マスタリ	unk
4584	488	真・方陣マスタリ	unk
4585	489	ケンカの心得	unk
4586	490	ケンカの心得２	unk
4587	491	勝利の息吹	unk
4588	492	勝利の息吹２	unk
4589	493	体勢マスタリ	unk
4590	494	体勢マスタリ２	unk
4591	495	獅子奮迅	unk
4592	496	獅子奮迅２	unk
4593	497	豪傑の双腕	val
4594	498	黄金の双翼	unk
4595	499	ルーンの盾	val
4596	500	イージスの盾	unk
4597	501	ソードブレイカー	unk
4598	502	束縛の心得	val
4599	503	真・束縛の心得	val
4600	504	一番星	val
4601	505	挑戦者の心得	val
4602	506	真・挑戦者の心得	val
4603	507	下剋上	unk
4604	508	再生能力	val
4605	509	ラッキースター	unk
4606	510	覇者の称号	unk
4607	511	癒しの指	val
4608	512	ディアガード	unk
4609	513	ディアラマガード	unk
4610	514	巨腕スイング	val
4611	515	巨腕トルネード	val
4612	516	黄金連鎖	val
4613	517	連撃の心得	val
4614	518	真・連撃の心得	val
4615	519	回避の心得	val
4616	520	真・回避の心得	val
4617	521	トリックステップ	unk
4618	522	相殺ボディ	val
4619	523	レメゲトン	unk
4620	524	退魔の霧	unk
4621	525	火炎吸収	val
4622	526	疾風吸収	val
4623	527	氷結吸収	val
4624	528	電撃吸収	val
4625	529	救いの手	val
4626	530	火炎ブースタ	val
4627	531	氷結ブースタ	val
4628	532	電撃ブースタ	val
4629	533	疾風ブースタ	val
4630	534	火炎ハイブースタ	val
4631	535	氷結ハイブースタ	val
4632	536	電撃ハイブースタ	val
4633	537	疾風ハイブースタ	val
4634	538	慈愛の心得	unk
4635	539	慈愛の悟り	unk
4636	540	聖母の両手	val
4637	541	奇襲の心得	val
4638	542	真・奇襲の心得	val
4639	543	付着の心得	val
4640	544	真・付着の心得	val
4641	545	魔法円	val
4642	546	審判のカード	unk
4643	547	火炎ヘルブースタ	val
4644	548	疾風ヘルブースタ	val
4645	549	ＳＰカット	unk
4646	550	急所の心得	unk
4647	551	真・急所の心得	unk
4648	552	女王の一刺し	unk
4649	553	物理攻撃力ＵＰ	unk
4650	554	物理攻撃・中	unk
4651	555	物理攻撃・大	unk
4652	556	物理防御力ＵＰ	unk
4653	557	物理防御・中	unk
4654	558	物理防御・大	unk
4655	559	属性防御力ＵＰ	unk
4656	560	属性防御・中	unk
4657	561	属性防御・大	unk
4658	562	安息の遊歩	unk
4659	563	回復歩行２	unk
4660	564	回復歩行３	unk
4661	565	二連の鎖	val
4662	566	ダウンメイカー	unk
4663	567	ダウンマイスター	unk
4664	568	孤高の威圧	unk
4665	569	属性攻撃・小	unk
4666	570	属性攻撃・中	unk
4667	571	属性攻撃・大	unk
4668	572	ＨＰブースタ	unk
4669	573	ＨＰハイブースタ	unk
4670	574	ＳＰブースタ	unk
4671	575	ＳＰハイブースタ	unk
4672	576	速度ブースタ	unk
4673	577	速度ハイブースタ	unk
4674	578	火炎耐性	val
4675	579	氷結耐性	val
4676	580	電撃耐性	val
4677	581	疾風耐性	val
4678	582	祝福耐性	val
4679	583	呪怨耐性	val
4680	584	物理耐性	unk
4681	585	念動耐性	val
4682	586	核熱耐性	val
4683	587	石化無効	unk
4684	588	睡眠無効	val
4685	589	混乱無効	val
4686	590	毒無効	val
4687	591	食いしばり	val
4688	592	呪い無効	val
4689	593	麻痺無効	unk
4690	594	煙りの末	unk
4691	595	褒賞のムチ	unk
4692	596	褒賞のムチ	unk
4693	597	魔封じ無効	val
4694	598	力封じ無効	val
4695	599	速封じ無効	val
4696	600	斬撃の鬼	unk
4697	601	壊撃の鬼	unk
4698	602	突撃の鬼	unk
4699	603	斬撃の神	unk
4700	604	壊撃の神	unk
4701	605	突撃の神	unk
4702	606	ＳＰリターン	unk
4703	607	ＳＰリターン２	unk
4704	608	ブランク	unk
4705	609	トドメの一撃	unk
4706	610	トドメの一撃	unk
4707	611	トドメの一撃	unk
4708	612	トドメの一撃	unk
4709	613	トドメの一撃	unk
4710	614	トドメの一撃	unk
4711	615	トドメの一撃	unk
4712	616	トドメの一撃	unk
4713	617	トドメの一撃	unk
4714	618	トドメの一撃	unk
4715	619	トドメの一撃	unk
4716	620	トドメの一撃	unk
4717	621	トドメの一撃	unk
4718	622	トドメの一撃	unk
4719	623	トドメの一撃	unk
4720	624	トドメの一撃	unk
4721	625	トドメの一撃	unk
4722	626	トドメの一撃	unk
4723	627	トドメの一撃	unk
4724	628	トドメの一撃	unk
4725	629	トドメの一撃	unk
4726	630	トドメの一撃	unk
4727	631	トドメの一撃	unk
4728	632	トドメの一撃	unk
4729	633	トドメの一撃	unk
4730	634	トドメの一撃	unk
4731	635	トドメの一撃	unk
4732	636	トドメの一撃	unk
4733	637	ブランク	unk
4734	638	スキルテスト	unk
4735	639	ブランク	unk
4736	640	ブランク	unk
4737	641	バインドキュア	unk
4738	642	バインドフリー	unk
4739	643	イモータルチキン	unk
4740	644	宝玉	unk
4741	645	ソウルドロップ	unk
4742	646	スナフソウル	unk
4743	647	チューインソウル	unk
4744	648	アムリタソーダ	unk
4745	649	ソーマの雫	unk
4746	650	ソーマドロップ	unk
4747	651	地返しの玉	unk
4748	652	反魂香	unk
4749	653	Ｌ・ダブルドッグ	unk
4750	654	Ｌ・ビッグドッグ	unk
4751	655	バインドエイド	unk
4752	656	韋駄天の札	unk
4753	657	お清めの水	unk
4754	658	お清めの塩	unk
4755	659	羅刹の札	unk
4756	660	金剛の札	unk
4757	661	耐物ミスト	unk
4758	662	耐物ミスト	unk
4759	663	耐物ミスト	unk
4760	664	耐熱ミスト	unk
4761	665	耐氷ミスト	unk
4762	666	耐雷ミスト	unk
4763	667	耐風ミスト	unk
4764	668	耐核ミスト	unk
4765	669	耐念ミスト	unk
4766	670	サイコボム	unk
4767	671	核熱の魔弾	unk
4768	672	三寸玉	unk
4769	673	灼熱の魔弾	unk
4770	674	ドライアイス	unk
4771	675	零度の魔弾	unk
4772	676	テスラコイル	unk
4773	677	天雷の魔弾	unk
4774	678	弥七	unk
4775	679	暴風の魔弾	unk
4776	680	せがき米	unk
4777	681	呪殺ペーパー	unk
4778	682	アトムマッチ	unk
4779	683	念動の魔弾	unk
4780	684	ドロン玉	unk
4781	685	はがくれ丼	unk
4782	686	スペシャル肉丼	unk
4783	687	ルブランカレー	unk
4784	688	解析用スコープ	unk
4785	689	ホムンクルス	unk
4786	690	退魔の笛	unk
4787	691	集魔の笛	unk
4788	692	カエレール	unk
4789	693	モドレール	unk
4790	694	クリーンボトル	unk
4791	695	簡易レーダー	unk
4792	696	ソーマ	unk
4793	697	クリーンシャワー	unk
4794	698	宝玉輪	unk
4795	699	オタカラリカバリ	unk
4796	700	退魔の角笛	unk
4797	701	集魔の角笛	unk
4798	702	ヒールストーン	unk
4799	703	ポップコーン	unk
4800	704	ガッツポテト	unk
4801	705	リバイブストーン	unk
4802	706	Ｌヒールストーン	unk
4803	707	蜂蜜ポップコーン	unk
4804	708	Ｌ・ホットドッグ	unk
4805	709	クリーンソーダ	unk
4806	710	南国ポップコーン	unk
4807	711	肉汁ポップコーン	unk
4808	712	七色ポップコーン	unk
4809	713	Ｌ・チュロス	unk
4810	714	ブランク	unk
4811	715	ブランク	unk
4812	716	ブランク	unk
4813	717	ブランク	unk
4814	718	ブランク	unk
4815	719	ブランク	unk
4816	720	ブランク	unk
4817	721	即死無効	unk
4818	722	状態異常無効	unk
4819	723	封じ無効	unk
4820	724	ブランク	unk
4821	725	黄泉路からの生還	unk
4822	726	三連の鎖	val
4823	727	四連の鎖	val
4824	728	無限の鎖	val
4825	729	魔力の循環	unk
4826	730	物理スキル強化	unk
4827	731	全体治癒促進	unk
4828	732	方陣の循環	unk
4829	733	回復量増加	unk
4830	734	スタン回復制御用	unk
4831	735	オーバーヒート	unk
4832	736	オーバーヒート終了	unk
4833	737	牧師：誓いの言葉終了	unk
4834	738	ブランク	unk
4835	739	核熱ブースタ	val
4836	740	念動ブースタ	val
4837	741	祝福ブースタ	val
4838	742	呪怨ブースタ	val
4839	743	核熱ハイブースタ	val
4840	744	念動ハイブースタ	val
4841	745	祝福ハイブースタ	val
4842	746	呪怨ハイブースタ	val
4843	747	苦無乱舞	unk
4844	748	苦無乱舞	unk
4845	749	迎撃の一射	unk
4846	750	迎撃の一射	unk
4847	751	予告ホームラン	unk
4848	752	予告ホームラン	unk
4849	753	ソニックラッシュ	unk
4850	754	ソニックラッシュ	unk
4851	755	ブランク	unk
4852	756	抑制ブースタ	unk
4853	757	抑制ハイブースタ	unk
4854	758	憤怒の拳	unk
4855	759	怒りの鉄拳	unk
4856	760	封殺の心得	val
4857	761	真・封殺の心得	val
4858	762	大褒賞のムチ	unk
4859	763	大褒賞のムチ	unk
4860	764	護国の宝剣	unk
4861	765	氷炎の護符	unk
4862	766	風雷の護符	unk
4863	767	超科学バリア装置	unk
4864	768	ブランク	unk
4865	769	アギ	unk
4866	770	アギラオ	unk
4867	771	アギダイン	unk
4868	772	マハラギ	unk
4869	773	マハラギオン	unk
4870	774	マハラギダイン	unk
4871	775	炎の乱舞	unk
4872	776	火炎の乱舞	unk
4873	777	豪炎の乱舞	unk
4874	778	ブランク	unk
4875	779	ガル	unk
4876	780	ガルーラ	unk
4877	781	ガルダイン	unk
4878	782	マハガル	unk
4879	783	マハガルーラ	unk
4880	784	マハガルダイン	unk
4881	785	風の乱舞	unk
4882	786	疾風の乱舞	unk
4883	787	烈風の乱舞	unk
4884	788	ブランク	unk
4885	789	ブフ	unk
4886	790	ブフーラ	unk
4887	791	ブフダイン	unk
4888	792	マハブフ	unk
4889	793	マハブフーラ	unk
4890	794	マハブフダイン	unk
4891	795	絶対零度	unk
4892	796	氷の乱舞	unk
4893	797	氷結の乱舞	unk
4894	798	氷河の乱舞	unk
4895	799	ブランク	unk
4896	800	ジオ	unk
4897	801	ジオンガ	unk
4898	802	ジオダイン	unk
4899	803	マハジオ	unk
4900	804	マハジオンガ	unk
4901	805	マハジオダイン	unk
4902	806	ケラウノス	unk
4903	807	雷の乱舞	unk
4904	808	雷撃の乱舞	unk
4905	809	爆雷の乱舞	unk
4906	810	ブランク	unk
4907	811	メギド	unk
4908	812	メギドラ	unk
4909	813	メギドラオン	unk
4910	814	ブランク	unk
4911	815	ブランク	unk
4912	816	ブランク	unk
4913	817	ハマ	unk
4914	818	ハマオン	unk
4915	819	マハンマ	unk
4916	820	マハンマオン	unk
4917	821	ブランク	unk
4918	822	ブランク	unk
4919	823	ブランク	unk
4920	824	ムド	unk
4921	825	ムドオン	unk
4922	826	マハムド	unk
4923	827	マハムドオン	unk
4924	828	ブランク	unk
4925	829	ブランク	unk
4926	830	ブランク	unk
4927	831	ポイズマ	unk
4928	832	ポイズンブレス	unk
4929	833	ペトラアイ	unk
4930	834	ストーンミスト	unk
4931	835	ドルミナー	unk
4932	836	スリープソング	unk
4933	837	プリンパ	unk
4934	838	テンタラフー	unk
4935	839	惑乱の光	unk
4936	840	ブランク	unk
4937	841	デビルタッチ	unk
4938	842	デビルスマイル	unk
4939	843	シバブー	unk
4940	844	バインドボイス	unk
4941	845	マカジャマ	unk
4942	846	サイレントノイズ	unk
4943	847	ナイアーム	unk
4944	848	マッスルダウン	unk
4945	849	スケアスロウ	unk
4946	850	スパイダーネット	unk
4947	851	自爆	unk
4948	852	ウサギのまどろみ	unk
4949	853	コウハ	unk
4950	854	コウガ	unk
4951	855	コウガオン	unk
4952	856	ブランク	unk
4953	857	ブランク	unk
4954	858	ブランク	unk
4955	859	エイハ	unk
4956	860	エイガ	unk
4957	861	エイガオン	unk
4958	862	ブランク	unk
4959	863	ブランク	unk
4960	864	ブランク	unk
4961	865	フレイ	unk
4962	866	フレイラ	unk
4963	867	フレイダイン	unk
4964	868	アトミックフレア	unk
4965	869	マハフレイ	unk
4966	870	ブランク	unk
4967	871	サイ	unk
4968	872	サイオ	unk
4969	873	サイダイン	unk
4970	874	サイコキネシス	unk
4971	875	マハサイ	unk
4972	876	ブランク	unk
4973	877	ブランク	unk
4974	878	ブランク	unk
4975	879	神の審判	unk
4976	880	悪魔の審判	unk
4977	881	ブランク	unk
4978	882	万物流転	unk
4979	883	神空波	unk
4980	884	ブランク	unk
4981	885	ブランク	unk
4982	886	ブランク	unk
4983	887	ブランク	unk
4984	888	ブランク	unk
4985	889	ブランク	unk
4986	890	ブランク	unk
4987	891	ブランク	unk
4988	892	ブランク	unk
4989	893	ブランク	unk
4990	894	ブランク	unk
4991	895	ブランク	unk
4992	896	ブランク	unk
4993	897	牙砕き	unk
4994	898	胆砕き	unk
4995	899	大切断	unk
4996	900	ツインスラッシュ	unk
4997	901	突撃	unk
4998	902	トリプルダウン	unk
4999	903	剛殺斬	unk
5000	904	ハイスラッシュ	unk
5001	905	チャージショット	unk
5002	906	メッタ突き	unk
5003	907	霧氷刃	unk
5004	908	ギロチンカット	unk
5005	909	五月雨斬り	unk
5006	910	紫電砕	unk
5007	911	ドレインタッチ	unk
5008	912	両腕落とし	unk
5009	913	シングルショット	unk
5010	914	茨の足枷	unk
5011	915	茨の手錠	unk
5012	916	茨の口輪	unk
5013	917	アサルトショット	unk
5014	918	イノセントタック	unk
5015	919	武器砕き	unk
5016	920	ホライズショット	unk
5017	921	刹那五月雨撃	unk
5018	922	メガトンプレス	unk
5019	923	ブレインシェイク	unk
5020	924	スタードロップ	unk
5021	925	ぶちかまし	unk
5022	926	回転斬り	unk
5023	927	利剣乱舞	unk
5024	928	凍殺刃	unk
5025	929	空間殺法	unk
5026	930	メッタ斬り	unk
5027	931	ヘッドバット	unk
5028	932	灼熱発破	unk
5029	933	ヒートウェイブ	unk
5030	934	メガトンハンマー	unk
5031	935	メガトンハンマー	unk
5032	936	ブラインドカット	unk
5033	937	ポイズンカット	unk
5034	938	スリープカット	unk
5035	939	バインドカット	unk
5036	940	カースカット	unk
5037	941	なぎ払い	unk
5038	942	デスバウンド	unk
5039	943	ミリオンシュート	unk
5040	944	暴れまくり	unk
5041	945	ぶちかまし	unk
5042	946	卵爆弾	unk
5043	947	バーストアーム	unk
5044	948	ヒーローソニック	unk
5045	949	カモシダキック	unk
5046	950	ガンズキャロット	unk
5047	951	キャロットボム	unk
5048	952	なぎ払い	unk
5049	953	ヒーローソニック	unk
5050	954	王笏の一撃	unk
5051	955	エンドショット	unk
5052	956	紅蓮の破壊光線	unk
5053	957	乱射	unk
5054	958	暴走突撃	unk
5055	959	具足斬り	unk
5056	960	打ち砕く	unk
5057	961	八艘跳び	unk
5058	962	ゴッドハンド	unk
5059	963	排除	unk
5060	964	レッグイレーサー	unk
5061	965	パワーイレーサー	unk
5062	966	ヘッドイレーサー	unk
5063	967	ウェポンブレイク	unk
5064	968	尻尾ぶん回し	unk
5065	969	ブランク	unk
5066	970	ブランク	unk
5067	971	ブランク	unk
5068	972	ブランク	unk
5069	973	ブランク	unk
5070	974	ブランク	unk
5071	975	ブランク	unk
5072	976	ブランク	unk
5073	977	ディア	unk
5074	978	ディアラマ	unk
5075	979	ディアラハン	unk
5076	980	医療キット	unk
5077	981	自動修復	unk
5078	982	メディア	unk
5079	983	メディラマ	unk
5080	984	メディアラハン	unk
5081	985	ブランク	unk
5082	986	サマリカーム	unk
5083	987	リカーム	unk
5084	988	ブランク	unk
5085	989	パトラ	unk
5086	990	ブランク	unk
5087	991	ブランク	unk
5088	992	クロズディ	unk
5089	993	ブランク	unk
5090	994	ブランク	unk
5091	995	ブランク	unk
5092	996	ブランク	unk
5093	997	獣の咆哮	unk
5094	998	口汚い野次	unk
5095	999	ブランク	unk
5096	1000	ランパート	unk
5097	1001	ボディーガード	unk
5098	1002	ブランク	unk
5099	1003	オールガード	unk
5100	1004	ブランク	unk
5101	1005	ブランク	unk
5102	1006	ブランク	unk
5103	1007	ブランク	unk
5104	1008	ブランク	unk
5105	1009	ブランク	unk
5106	1010	マハタルカジャ	unk
5107	1011	マハラクカジャ	unk
5108	1012	マハスクカジャ	unk
5109	1013	チャージ	unk
5110	1014	コンセントレイト	unk
5111	1015	炎の腐蝕	unk
5112	1016	氷の腐蝕	unk
5113	1017	雷の腐蝕	unk
5114	1018	風の腐蝕	unk
5115	1019	ブランク	unk
5116	1020	ブランク	unk
5117	1021	マハタルンダ	unk
5118	1022	マハラクンダ	unk
5119	1023	マハスクンダ	unk
5120	1024	ブランク	unk
5121	1025	デカジャ	unk
5122	1026	デクンダ	unk
5123	1027	ブランク	unk
5124	1028	逃走	unk
5125	1029		unk
5126	1030		unk
5127	1031	タルカジャ	unk
5128	1032	ラクカジャ	unk
5129	1033	スクカジャ	unk
5130	1034	タルンダ	unk
5131	1035	ラクンダ	unk
5132	1036	スクンダ	unk
5133	1037	ブランク	unk
5134	1038	チャージワン	unk
5135	1039	絶対権力	unk
5136	1040	雄叫び	unk
5137	1041	テンション上げ	unk
5138	1042	なぎ倒す	unk
5139	1043	暴れる	unk
5140	1044	暴れまわる	unk
5141	1045	スクカジャ	unk
5142	1046	二重のスクカジャ	unk
5143	1047	三重のスクカジャ	unk
5144	1048	ランダマイザ	unk
5145	1049	ブランク	unk
5146	1050	ブランク	unk
5147	1051	ブランク	unk
5148	1052	ブランク	unk
5149	1053	ブランク	unk
5150	1054	ブランク	unk
5151	1055	ブランク	unk
5152	1056	ブランク	unk
5153	1057	ブランク	unk
5154	1058	ブランク	unk
5155	1059	ブランク	unk
5156	1060	火炎の壁	unk
5157	1061	疾風の壁	unk
5158	1062	氷結の壁	unk
5159	1063	電撃の壁	unk
5160	1064	祝福の壁	unk
5161	1065	呪怨の壁	unk
5162	1066	念動の壁	unk
5163	1067	核熱の壁	unk
5164	1068	ブランク	unk
5165	1069	ブランク	unk
5166	1070	ブランク	unk
5167	1071	ブランク	unk
5168	1072	ブランク	unk
5169	1073	火炎ブースタ	unk
5170	1074	氷結ブースタ	unk
5171	1075	電撃ブースタ	unk
5172	1076	疾風ブースタ	unk
5173	1077	トリックステップ	unk
5174	1078	回復量上昇	unk
5175	1079	物理ブースタ	unk
5176	1080	物理ブースタ２	unk
5177	1081	魔法ブースター	unk
5178	1082	魔法ブースター２	unk
5179	1083	ワイドアタック１	unk
5180	1084	ワイドアタック２	unk
5181	1085	ワイドアタック３	unk
5182	1086	ダブルブレイク１	unk
5183	1087	ダブルブレイク２	unk
5184	1088	ダブルブレイク３	unk
5185	1089	ブランク	unk
5186	1090	ブランク	unk
5187	1091	オラトリオ	dlc
5188	1092	ブルータルの剛腕	dlc
5189	1093	アリアドネの鎖	dlc
5190	1094	煉獄の双翼	dlc
5191	1095	十文字斬り	dlc
5192	1096	ブランク	unk
5193	1097	電撃ヘルブースタ	val
5194	1098	氷結ヘルブースタ	val
5195	1099	念動ヘルブースタ	val
5196	1100	核熱ヘルブースタ	val
5197	1101	祝福ヘルブースタ	val
5198	1102	呪怨ヘルブースタ	val
5199	1103	ブランク	unk
5200	1104	共感の呼応	unk
5201	1105	以心伝心の絆	unk
5202	1106	憧憬の心	unk
5203	1107	団結の大連鎖	unk
5204	1108	剛腕スタイル	unk
5205	1109	剛腕スタイル	unk
5206	1110	鎧袖一触スタイル	unk
5207	1111	鎧袖一触スタイル	unk
5208	1112	ウォークライ	unk
5209	1113	念動吸収	val
5210	1114	核熱吸収	val
5211	1115	ブランク	unk
5212	1116	ブランク	unk
5213	1117	ブランク	unk
5214	1118	ブランク	unk
5215	1119	ブランク	unk
5216	1120	ブランク	unk
5217	1121	ブランク	unk
5218	1122	ブランク	unk
5219	1123	ブランク	unk
5220	1124	ブランク	unk
5221	1125	ブランク	unk
5222	1126	ブランク	unk
5223	1127	ブランク	unk
5224	1128	ブランク	unk
5225	1129	ブランク	unk
5226	1130	ブランク	unk
5227	1131	ブランク	unk
5228	1132	ブランク	unk
5229	1133	ブランク	unk
5230	1134	ブランク	unk
5231	1135	ブランク	unk
5232	1136	ブランク	unk
5233	1137	ブランク	unk
5234	1138	ブランク	unk
5235	1139	ブランク	unk
5236	1140	ブランク	unk
5237	1141	ブランク	unk
5238	1142	ブランク	unk
5239	1143	ブランク	unk
5240	1144	ブランク	unk
5241	1145	ブランク	unk
5242	1146	ブランク	unk
5243	1147	ブランク	unk
5244	1148	ブランク	unk
5245	1149	ブランク	unk
5246	1150	ブランク	unk
5247	1151	ブランク	unk
5248	1152	ブランク	unk
5249	1153	ブランク	unk
5250	1154	ブランク	unk
5251	1155	ブランク	unk
5252	1156	ブランク	unk
5253	1157	ブランク	unk
5254	1158	ブランク	unk
5255	1159	ブランク	unk
5256	1160	ブランク	unk
5257	1161	ブランク	unk
5258	1162	ブランク	unk
5259	1163	ブランク	unk
5260	1164	ブランク	unk
5261	1165	ブランク	unk
5262	1166	ブランク	unk
5263	1167	ブランク	unk
5264	1168	ブランク	unk
5265	1169	火炎回避の効果	unk
5266	1170	氷結回避の効果	unk
5267	1171	疾風回避の効果	unk
5268	1172	電撃回避の効果	unk
5269	1173	核熱回避の効果	unk
5270	1174	念動回避の効果	unk
5271	1175	火炎回避の効果	unk
5272	1176	氷結回避の効果	unk
5273	1177	疾風回避の効果	unk
5274	1178	電撃回避の効果	unk
5275	1179	核熱回避の効果	unk
5276	1180	念動回避の効果	unk
5277	1181	バトンタッチ	unk
5278	1182	アタック２	unk
5279	1183	防御	unk
5280	1184	ブランク	unk
5281	1185	トランプ兵の召喚	unk
5282	1186	トランプ兵の増援	unk
5283	1187	ブランク	unk
5284	1188	天罰	unk
5285	1189	誓いの言葉	unk
5286	1190	ピアスレイピア	unk
5287	1191	暴風の舞い	unk
5288	1192	暴風の舞い	unk
5289	1193	風牙	unk
5290	1194	疾風牙	unk
5291	1195	烈風牙	unk
5292	1196	暴風牙	unk
5293	1197	ブランク	unk
5294	1198	ブランク	unk
5295	1199	荒療治	unk
5296	1200	食いしばり	unk
5297	1201	ラビットフット	unk
5298	1202	大声	unk
5299	1203	ブランク	unk
5300	1204	刻命の歯車	unk
5301	1205	時の跳躍	unk
5302	1206	時の予告	unk
5303	1207	時の逆流	unk
5304	1208	時の停留	unk
5305	1209	ブランク	unk
5306	1210		unk
5307	1211	ブランク	unk
5308	1212		unk
5309	1213	ブランク	unk
5310	1214	絶対権力	unk
5311	1215	否定	unk
5312	1216	同調	unk
5313	1217	自動回復25％	unk
5314	1218	自動回復40％	unk
5315	1219	自動回復70％	unk
5316	1220	殴りかかる	unk
5317	1221	絶望の衣	unk
5318	1222	幾万の絶望	unk
5319	1223	自動修復	unk
5320	1224	緊急修復	unk
5321	1225	ブランク	unk
5322	1226	総攻撃	unk
5323	1227	メギドラオン	unk
5324	1228	ブランク	unk
5325	1229	ブランク	unk
5326	1230	ブランク	unk
5327	1231	火炎の暴嵐	unk
5328	1232	氷結の暴嵐	unk
5329	1233	閃光の暴嵐	unk
5330	1234	暗闇の暴嵐	unk
5331	1235	ブランク	unk
5332	1236	セイントスピア	unk
5333	1237	真空裂断	unk
5334	1238	ブランク	unk
5335	1239	フレイムオーラ	unk
5336	1240	アイスオーラ	unk
5337	1241	セイントオーラ	unk
5338	1242	ダークネスオーラ	unk
5339	1243	フレイムオーラ	unk
5340	1244	アイスオーラ	unk
5341	1245	セイントオーラ	unk
5342	1246	ダークネスオーラ	unk
5343	1247	ブランク	unk
5344	1248	怒気	unk
5345	1249	開闢の一撃	unk
5346	1250	ブランク	unk
5347	1251	リテイク	unk
5348	1252	タイムアクセル	unk
5349	1253	ブランク	unk
5350	1254	カモシダーマン！	unk
5351	1255	（仮）見得スキル	unk
5352	1256	（仮）見得スキル	unk
5353	1257	（仮）見得スキル	unk
5354	1258	（仮）見得スキル	unk
5355	1259	（仮）見得スキル	unk
5356	1260	（仮）見得スキル	unk
5357	1261	（仮）見得スキル	unk
5358	1262	（仮）見得スキル	unk
5359	1263	ブランク	unk
5360	1264	ブランク	unk
5361	1265	ブランク	unk
5362	1266	連鎖の風撃	unk
5363	1267	連鎖の風	unk
5364	1268	ブランク	unk
5365	1269	ブランク	unk
5366	1270	ブランク	unk
5367	1271	ブランク	unk
5368	1272	ブランク	unk
5369	1273	ブランク	unk
5370	1274	ブランク	unk
5371	1275	ブランク	unk
5372	1276	ブランク	unk
5373	1277	ブランク	unk
5374	1278	ブランク	unk
5375	1279	ブランク	unk
5376	1280	ブランク	unk
5377	1281	漢式・髑髏特攻撃	unk
5378	1282	新・どーん☆	unk
5379	1283	花鳥風月	unk
5380	1284	２つの雷光	unk
5381	1285	探偵王子アタック	unk
5382	1286	運命との決別	unk
5383	1287	会長連撃剣	unk
5384	1288	絆の一撃	unk
5385	1289	ハングリーシャウト	unk
5386	1290	正義の鉄槌	unk
5387	1291	信頼の連撃	unk
5388	1292	アニマル狂想曲	unk
5389	1293	二枚の切り札	unk
5390	1294	運命の進撃	unk
5391	1295	快刀乱麻	unk
5392	1296	美少女カルテット	unk
5393	1297	トリプルサポート	unk
5394	1298	異種格闘拳脚	unk
5395	1299	相棒たちの底力	unk
5396	1300	ワイルド・オーダー	unk
5397	1301	ブランク	unk
5398	1302	ブランク	unk
5399	1303	ブランク	unk
5400	1304	ブランク	unk
5401	1305	ブランク	unk
5402	1306	ブランク	unk
5403	1307	ブランク	unk
5404	1308	ブランク	unk
5405	1309	ブランク	unk
5406	1310	ブランク	unk
5407	1311	ブランク	unk
5408	1312	ブランク	unk
5409	1313	ブランク	unk
5410	1314	ブランク	unk
5411	1315	ブランク	unk
5412	1316	ブランク	unk
5413	1317	ブランク	unk
5414	1318	ブランク	unk
5415	1319	ブランク	unk
5416	1320	ブランク	unk
5417	1321	ブランク	unk
5418	1322	ブランク	unk
5419	1323	ブランク	unk
5420	1324	ブランク	unk
5421	1325	ブランク	unk
5422	1326	ブランク	unk
5423	1327	ブランク	unk
5424	1328	ブランク	unk
5425	1329	ブランク	unk
5426	1330	ブランク	unk
5427	1331	ブランク	unk
5428	1332	ブランク	unk
5429	1333	ブランク	unk
5430	1334	ブランク	unk
5431	1335	ブランク	unk
5432	1336	ブランク	unk
5433	1337	ブランク	unk
5434	1338	ブランク	unk
5435	1339	ブランク	unk
5436	1340	ブランク	unk
5437	1341	ブランク	unk
5438	1342	ブランク	unk
5439	1343	ブランク	unk
5440	1344	ブランク	unk
5441	1345	ブランク	unk
5442	1346	ブランク	unk
5443	1347	ブランク	unk
5444	1348	ブランク	unk
5445	1349	ブランク	unk
5446	1350	ブランク	unk
5447	1351	ブランク	unk
5448	1352	ブランク	unk
5449	1353	ブランク	unk
5450	1354	ブランク	unk
5451	1355	ブランク	unk
5452	1356	ブランク	unk
5453	1357	ブランク	unk
5454	1358	ブランク	unk
5455	1359	ブランク	unk
5456	1360	ブランク	unk
5457	1361	ブランク	unk
5458	1362	ブランク	unk
5459	1363	ブランク	unk
5460	1364	ブランク	unk
5461	1365	ブランク	unk
5462	1366	ブランク	unk
5463	1367	ブランク	unk
5464	1368	ブランク	unk
5465	1369	ブランク	unk
5466	1370	ブランク	unk
5467	1371	ブランク	unk
5468	1372	ブランク	unk
5469	1373	ブランク	unk
5470	1374	ブランク	unk
5471	1375	ブランク	unk
5472	1376	コウハ	val
5473	1377	コウガ	val
5474	1378	コウガオン	val
5475	1379	マハコウハ	val
5476	1380	マハコウガ	val
5477	1381	マハコウガオン	val
5478	1382	ブランク	unk
5479	1383	ブランク	unk
5480	1384	ブランク	unk
5481	1385	ブランク	unk
5482	1386	エイハ	val
5483	1387	エイガ	val
5484	1388	エイガオン	val
5485	1389	マハエイハ	val
5486	1390	マハエイガ	val
5487	1391	マハエイガオン	val
5488	1392	ブランク	unk
5489	1393	ブランク	unk
5490	1394	ブランク	unk
5491	1395	ブランク	unk
5492	1396	フレイ	val
5493	1397	フレイラ	val
5494	1398	フレイダイン	val
5495	1399	マハフレイ	val
5496	1400	マハフレイラ	val
5497	1401	マハフレイダイン	val
5498	1402	ブランク	unk
5499	1403	アトミックフレア	val
5500	1404	コズミックフレア	val
5501	1405	ブランク	unk
5502	1406	サイ	val
5503	1407	サイオ	val
5504	1408	サイダイン	val
5505	1409	マハサイ	val
5506	1410	マハサイオ	val
5507	1411	マハサイダイン	val
5508	1412	ブランク	unk
5509	1413	サイコキネシス	val
5510	1414	サイコフォース	val
5511	1415	黒点撃	val
5512	1416	金剛発破	val
5513	1417	アグネヤストラ	val
5514	1418	ブランク	unk
5515	1419	ブレイブザッパー	val
5516	1420	ワンショットキル	val
5517	1421	カームブレイバー	val
5518	1422	物理・速封	unk
5519	1423	我慢の制裁	val
5520	1424	制裁の一撃	unk
5521	1425	我慢の神罰	val
5522	1426	神罰の一撃	unk
5523	1427	絶妙の一撃	unk
5524	1428	天軍の一撃	unk
5525	1429	夢見針	unk
5526	1430	男気の壁	unk
5527	1431	コストカット	unk
5528	1432	コストカット	unk
5529	1433	予告打ち返し	unk
5530	1434	予告打ち返し	unk
5531	1435	苦無援護	unk
5532	1436	苦無援護	unk
5533	1437	ボルテージ	unk
5534	1438	撃ち落とし	unk
5535	1439	撃ち落とし	unk
5536	1440	探偵の戒め	unk
5537	1441	カウンタステップ	unk
5538	1442	カウンタステップ	unk
5539	1443	鉄壁の漢気	unk
5540	1444	ラッシュステップ	unk
5541	1445	ラッシュステップ	unk
5542	1446	カウンタバッシュ	unk
5543	1447	カウンタバッシュ	unk
5544	1448	挑発カウンター	unk
5545	1449	女帝の一刺し	unk
5546	1450	オーバーリミット	unk
5547	1451	フルスロットル	unk
5548	1452	ラッキーパンチ	val
5549	1453	ミラクルパンチ	val
5550	1454	挑発カウンター	unk
5551	1455	ブランク	unk
5552	1456	反撃スタイル	unk
5553	1457	逆襲スタイル	unk
5554	1458	間食の技術	unk
5555	1459	間食の極意	unk
5556	1460	探偵の禁戒	unk
5557	1461	猫足ステップ	unk
5558	1462	アックスガード	unk
5559	1463	貝櫓の舞	unk
5560	1464	蜃気楼の舞	unk
5561	1465	相殺クマボディ	unk
5562	1466	女王の一刺し	unk
5563	1467	極楽の遊歩	unk
5564	1468	百戦錬磨の威圧	unk
5565	1469	イージスの神盾	unk
5566	1470	小治癒促進	val
5567	1471	中治癒促進	val
5568	1472	大治癒促進	val
5569	1473	小気功	val
5570	1474	中気功	val
5571	1475	大気功	val
5572	1476	ギロチンスライス	val
5573	1477	ギロチンザッパー	val
5574	1478	パニッシュバイト	val
5575	1479	パニッシュエンド	val
5576	1480	セイントタッチ	val
5577	1481	双腕潰し	val
5578	1482	アックスシールド	unk
5579	1483	コストリダクト	unk
5580	1484	コストリダクト	unk
5581	1485	無敵クマボディ	unk
5582	1486	筋力の才	val
5583	1487	筋力の鬼才	val
5584	1488	筋力の天才	val
5585	1489	魔力の才	val
5586	1490	魔力の鬼才	val
5587	1491	魔力の天才	val
5588	1492	忍耐の才	val
5589	1493	忍耐の鬼才	val
5590	1494	忍耐の天才	val
5591	1495	敏捷の才	val
5592	1496	敏捷の鬼才	val
5593	1497	敏捷の天才	val
5594	1498	運気の才	val
5595	1499	運気の鬼才	val
5596	1500	運気の天才	val
