id	name	tag
0	ブランク	bln
1	今、できることを…	1
2	カット　予定	unk
3	ヤンキー戦争勃発…？	5
4	目指せ！カンフーモデル！	6
5	カット　予定	unk
6	古代生物を調査せよ！	7
7	肉と芸術と友情と…	8
8	ニセ警官を捜し出せ！	3
9	魂の叫びを見つけだせ！	4
10	守るべきものは…	9
11	黄金の宝物を奪取せよ！	10
12	チュロスを作ろう！	2
13	新作ポップコーンを求めて	11
14	それぞれの鎖	12
15	肉食獣を追い詰めろ！	13
16	失われたテクノロジー？	15
17	上に立つ者として	14
18	世界を越えた絆	17
19	双子の試練	20
20	カット　予定	unk
21	腹ペコ男子の０円クッキング	16
22	怪盗と少年の正義	18
23	世界を越えた信頼	19
24	Ａ．Ｉ．Ｇ．Ｉ．Ｓを探索せよ！	23
25	アイギスの出力調整	24
26	ぷりちーますこっと決定戦！	21
27	ワイルドチャレンジでございます	25
28	世界を越えた運命	26
29	怪人の教え	22
30	Ａ．Ｉ．Ｇ．Ｉ．Ｓから脱出せよ！	27
31	オトナの階段、登っちゃう？	28
32	美少女の極意	29
33	優雅なお嬢様の採取	31
34	カット　予定	unk
35	イースターエッグを探せ！	30
36	この想いを電波にのせて	33
37	拳で語れ	32
38	ロボット討伐	34
39	絆のカタチは	35
40	歌う果実は恋の味…？	38
41	花がわらう街角	36
42	蝶舞う迷宮異常なし	37
43	自分を見つめよ	40
44	カット　予定	unk
45	頂上決戦！　クマｖｓクマクマ！？	39
46	プレーントフォーユー	41
47	カモシティの新たなる威光	42
48	ジュネシック・ランドの取極め	43
49	Ａ．Ｉ．Ｇ．Ｉ．Ｓの新風	44
50	ひかりの更なる脅威	45
51	クエスト５１ダミー	inv
52	クエスト５２ダミー	inv
53	クエスト５３ダミー	inv
54	クエスト５４ダミー	inv
55	クエスト５５ダミー	inv
56	クエスト５６ダミー	inv
57	クエスト５７ダミー	inv
58	クエスト５８ダミー	inv
59	クエスト５９ダミー	inv
60	クエスト６０ダミー	inv
61	クエスト６１ダミー	inv
62	クエスト６２ダミー	inv
63	クエスト６３ダミー	inv
64	クエスト６４ダミー	inv
65	クエスト６５ダミー	inv
66	クエスト６６ダミー	inv
67	クエスト６７ダミー	inv
68	クエスト６８ダミー	inv
69	クエスト６９ダミー	inv
70	クエスト７０ダミー	inv
71	クエスト７１ダミー	inv
72	クエスト７２ダミー	inv
73	クエスト７３ダミー	inv
74	クエスト７４ダミー	inv
75	クエスト７５ダミー	inv
76	クエスト７６ダミー	inv
77	クエスト７７ダミー	inv
78	クエスト７８ダミー	inv
79	クエスト７９ダミー	inv
80	クエスト８０ダミー	inv
81	クエスト８１ダミー	inv
82	クエスト８２ダミー	inv
83	クエスト８３ダミー	inv
84	クエスト８４ダミー	inv
85	クエスト８５ダミー	inv
86	クエスト８６ダミー	inv
87	クエスト８７ダミー	inv
88	クエスト８８ダミー	inv
89	クエスト８９ダミー	inv
90	クエスト９０ダミー	inv
91	クエスト９１ダミー	inv
92	クエスト９２ダミー	inv
93	クエスト９３ダミー	inv
94	クエスト９４ダミー	inv
95	クエスト９５ダミー	inv
96	クエスト９６ダミー	inv
97	クエスト９７ダミー	inv
98	クエスト９８ダミー	inv
99	クエスト９９ダミー	inv
100	クエスト１００ダミー	inv
101	クエスト１０１ダミー	inv
102	クエスト１０２ダミー	inv
103	クエスト１０３ダミー	inv
104	クエスト１０４ダミー	inv
105	クエスト１０５ダミー	inv
106	クエスト１０６ダミー	inv
107	クエスト１０７ダミー	inv
108	クエスト１０８ダミー	inv
109	クエスト１０９ダミー	inv
110	クエスト１１０ダミー	inv
111	クエスト１１１ダミー	inv
112	クエスト１１２ダミー	inv
113	クエスト１１３ダミー	inv
114	クエスト１１４ダミー	inv
115	クエスト１１５ダミー	inv
116	クエスト１１６ダミー	inv
117	クエスト１１７ダミー	inv
118	クエスト１１８ダミー	inv
119	クエスト１１９ダミー	inv
120	クエスト１２０ダミー	inv
121	クエスト１２１ダミー	inv
122	クエスト１２２ダミー	inv
123	クエスト１２３ダミー	inv
124	クエスト１２４ダミー	inv
125	クエスト１２５ダミー	inv
126	クエスト１２６ダミー	inv
127	クエスト１２７ダミー	inv
128	クエスト１２８ダミー	inv
129	クエスト１２９ダミー	inv
130	クエスト１３０ダミー	inv
131	クエスト１３１ダミー	inv
132	クエスト１３２ダミー	inv
133	クエスト１３３ダミー	inv
134	クエスト１３４ダミー	inv
135	クエスト１３５ダミー	inv
136	クエスト１３６ダミー	inv
137	クエスト１３７ダミー	inv
138	クエスト１３８ダミー	inv
139	クエスト１３９ダミー	inv
140	クエスト１４０ダミー	inv
141	クエスト１４１ダミー	inv
142	クエスト１４２ダミー	inv
143	クエスト１４３ダミー	inv
144	クエスト１４４ダミー	inv
145	クエスト１４５ダミー	inv
146	クエスト１４６ダミー	inv
147	クエスト１４７ダミー	inv
148	クエスト１４８ダミー	inv
149	クエスト１４９ダミー	inv
150	クエスト１５０ダミー	inv
151	クエスト１５１ダミー	inv
152	クエスト１５２ダミー	inv
153	クエスト１５３ダミー	inv
154	クエスト１５４ダミー	inv
155	クエスト１５５ダミー	inv
156	クエスト１５６ダミー	inv
157	クエスト１５７ダミー	inv
158	クエスト１５８ダミー	inv
159	クエスト１５９ダミー	inv
160	クエスト１６０ダミー	inv
161	クエスト１６１ダミー	inv
162	クエスト１６２ダミー	inv
163	クエスト１６３ダミー	inv
164	クエスト１６４ダミー	inv
165	クエスト１６５ダミー	inv
166	クエスト１６６ダミー	inv
167	クエスト１６７ダミー	inv
168	クエスト１６８ダミー	inv
169	クエスト１６９ダミー	inv
170	クエスト１７０ダミー	inv
171	クエスト１７１ダミー	inv
172	クエスト１７２ダミー	inv
173	クエスト１７３ダミー	inv
174	クエスト１７４ダミー	inv
175	クエスト１７５ダミー	inv
176	クエスト１７６ダミー	inv
177	クエスト１７７ダミー	inv
178	クエスト１７８ダミー	inv
179	クエスト１７９ダミー	inv
180	クエスト１８０ダミー	inv
181	クエスト１８１ダミー	inv
182	クエスト１８２ダミー	inv
183	クエスト１８３ダミー	inv
184	クエスト１８４ダミー	inv
185	クエスト１８５ダミー	inv
186	クエスト１８６ダミー	inv
187	クエスト１８７ダミー	inv
188	クエスト１８８ダミー	inv
189	クエスト１８９ダミー	inv
190	クエスト１９０ダミー	inv
191	１９１.ヒーローベルトを盗み出せ	unk
192	１９２.通行禁止を解除せよ	unk
193	１９５.ヒーローベルトを届けよ	unk
194	１９７.恐怖のファッションチェック	unk
195	１９４.ハーレム解放作戦	unk
196	１９６.ヒーロー改造施設停止作戦	unk
197	１９３.新たなるフレーバーを求めて	unk
198	クエスト１９８ダミー	inv
199	クエスト１９９ダミー	inv
200	クエスト２００ダミー	inv
